id;path;created_date;updated_date;updated_date_content_type
1;reoccur;2024-04-06;../fake-data/blob/hipster.png;image/png
2;over;2024-04-06;../fake-data/blob/hipster.png;image/png
3;baffle integrate aside;2024-04-05;../fake-data/blob/hipster.png;image/png
4;counsellor graph relationship;2024-04-05;../fake-data/blob/hipster.png;image/png
5;flytrap bah;2024-04-06;../fake-data/blob/hipster.png;image/png
6;neat though while;2024-04-05;../fake-data/blob/hipster.png;image/png
7;jeans romp suburban;2024-04-05;../fake-data/blob/hipster.png;image/png
8;qua;2024-04-06;../fake-data/blob/hipster.png;image/png
9;ack while;2024-04-05;../fake-data/blob/hipster.png;image/png
10;mortified;2024-04-06;../fake-data/blob/hipster.png;image/png
